Key,SourceString
Door_Open,Открыть дверь
Door_Close,Закрыть дверь
Door_Locked,Заперто
Carry_PickUp,Поднять
Carry_Drop,Положить
Mission_Preparation,Подготовка
Mission_InProgress,Выполняется
Mission_Completed,Завершено
Mission_Failed,Провалено
Fuse_Insert,Вставить предохранитель
Breaker_On,Включить рубильник
Breaker_Off,Выключить рубильник
Inlet_Connect,Подключить и запустить генератор
Inlet_Disconnect,Заглушить и отключить генератор
Terminal_Use,Использовать терминал
Terminal_Busy,Терминал занят
Terminal_NoPower,Нет питания
Slot_Insert,Вставить
Slot_Remove,Извлечь
Transfer_Start,Запустить передачу
Screen_NoPower,NO POWER
Screen_StorageNotReady,EXTERNAL STORAGE NOT READY
Screen_TransferReady,TRANSFER READY
Screen_Transferring,TRANSFER IN PROGRESS
Screen_CheckingData,CHECKING DATA...
Screen_TransferComplete,TRANSFER COMPLETE
Screen_EnterCode,ВВЕДИТЕ КОД ДОСТУПА
Screen_AccessDenied,ДОСТУП ЗАПРЕЩЁН
Screen_AccessGranted,ДОСТУП РАЗРЕШЁН
Heavy_Grab,Взяться
Heavy_Release,Отпустить
Heavy_ReattachCable,Закрепить кабель
Task_GetAccessCard,Получить карту доступа у охранника
Task_OpenCatalog,Открыть каталог данных на рабочем компьютере
Task_EnterServerRoom,Попасть в серверный сектор
Task_ServerDoorCard,Открыть дверь картой доступа
Task_ServerDoorKeypad,Открыть дверь кодом
Task_PowerServer,Подать питание на сервер
Task_PowerViaPanel,Через электрощит
Task_PowerViaGenerator,От переносного генератора
Task_MoveServerRack,Перекатить серверную стойку к рабочей точке
Task_ConnectInterface,Подключить интерфейсный модуль
Task_CopyArchive,Скопировать архив
Task_TakeDrive,Извлечь носитель
Task_DeliverDrive,Передать носитель охраннику
Task_TakeExtraFile,Скопировать неучтённый файл
Task_RestoreCorridorLight,Восстановить свет в коридоре
Speaker_Guard,Охранник
Speaker_Curator,Куратор
Speaker_DARC,D.A.R.C.
Guard_Greeting,Опять новые работники?
Guard_GiveCard,Ваша карта доступа.
Guard_Finished,Закончили?
Guard_Good,Хорошо.
Guard_GoBack,Тогда возвращайтесь.
Curator_GotIt,Получили?
Curator_Good,Хорошо.
Curator_NextLater,Следующее задание получите позже.
Curator_OldSite,Старый объект. Там постоянно что-нибудь ломается.
Curator_ExtraFile,Дополнительный файл из архива приобщите к отчёту.
Curator_Maintenance,На объекте проводилось плановое обслуживание сети.
Brief_Slice,Восстановить архив с сервера объекта до его планового списания.
Brief_NoQuestions,Сегодня твоя задача — как обычно. Не задавай лишних вопросов.
File_Corrupted_1,ВСЕ
File_Corrupted_2,НЕ
File_Corrupted_3,ТАК
File_Corrupted_4,ПРОСТО
File_VerifyNote,Данные необходимо проверить перед передачей.
File_MainStorage,Основной носитель находится в серверном секторе. Сервер обесточен.
Morse_Message,БЕГИ ПОКА ЕСТЬ ВОЗМОЖНОСТЬ
Npc_Talk,Поговорить
Npc_HandOver,Отдать
Card_Swipe,Приложить карту
Screen_CatalogTitle,КАТАЛОГ ДАННЫХ ОБЪЕКТА
Terminal_InputHint,"Введите код или команду, Enter — отправить, Esc — выйти"
Screen_ArchiveTitle,АРХИВ ОБЪЕКТА — ОПИСЬ
Screen_ArchiveList,arc_0001.bin … arc_0416.bin — 416 файлов по описи
Screen_ExtraFileHint,"arc_0417.bin — НЕ ЗНАЧИТСЯ В ОПИСИ. Введите COPY, чтобы скопировать."
HUD_PromptFormat,[E] {0}
HUD_SpiritHint,"Вы погибли. ЛКМ — мигнуть светом, F — рубильник, ПКМ — толкнуть предмет"
HUD_SpiritCooldown,…силы восстанавливаются…
HUD_TaskActive,[ ] {0}
HUD_TaskDone,[x] {0}
HUD_TaskFailed,[!] {0}
HUD_TaskLocked,  - {0}
HUD_SubtitleFormat,{0}: {1}
HUD_Grab,[ЛКМ] Схватить
HUD_Holding,"Держите ЛКМ — тащить, отпустите — бросить на месте, ПКМ — толкнуть"
Sign_DarcName,D.A.R.C.
Sign_DarcSub,ИССЛЕДОВАНИЯ И ОБРАБОТКА
