file_or_set,status,asset
Meshes\satellite-radio-telescope-from-votv\textures\ao_rotDn.png,уже в проекте,/Game/DARC/Imported/Textures/Meshes/satellite_radio_telescope_from_votv/textures/T_ao_rotDn
Meshes\satellite-radio-telescope-from-votv\textures\tex_base0.png,уже в проекте,/Game/DARC/Imported/Textures/Meshes/satellite_radio_telescope_from_votv/textures/T_tex_base0
Meshes\satellite-radio-telescope-from-votv\textures\tex_base1.png,уже в проекте,/Game/DARC/Imported/Textures/Meshes/satellite_radio_telescope_from_votv/textures/T_tex_base1
Meshes\satellite-radio-telescope-from-votv\textures\tex_base2.png,уже в проекте,/Game/DARC/Imported/Textures/Meshes/satellite_radio_telescope_from_votv/textures/T_tex_base2
Meshes\satellite-radio-telescope-from-votv\textures\tex_base3.png,уже в проекте,/Game/DARC/Imported/Textures/Meshes/satellite_radio_telescope_from_votv/textures/T_tex_base3
Meshes\satellite-radio-telescope-from-votv\textures\tex_base4.png,уже в проекте,/Game/DARC/Imported/Textures/Meshes/satellite_radio_telescope_from_votv/textures/T_tex_base4
Meshes\satellite-radio-telescope-from-votv\textures\tex_base5.png,уже в проекте,/Game/DARC/Imported/Textures/Meshes/satellite_radio_telescope_from_votv/textures/T_tex_base5
Meshes\satellite-radio-telescope-from-votv\textures\tex_base6.png,уже в проекте,/Game/DARC/Imported/Textures/Meshes/satellite_radio_telescope_from_votv/textures/T_tex_base6
Meshes\satellite-radio-telescope-from-votv\textures\tex_dish0.png,уже в проекте,/Game/DARC/Imported/Textures/Meshes/satellite_radio_telescope_from_votv/textures/T_tex_dish0
Meshes\satellite-radio-telescope-from-votv\textures\tex_dish1.png,уже в проекте,/Game/DARC/Imported/Textures/Meshes/satellite_radio_telescope_from_votv/textures/T_tex_dish1
Meshes\satellite-radio-telescope-from-votv\textures\tex_dish2.png,уже в проекте,/Game/DARC/Imported/Textures/Meshes/satellite_radio_telescope_from_votv/textures/T_tex_dish2
Textures\072e7111ef104bc4a62bd66dc9edf42d\textures\Ekran_2_baseColor.jpeg,уже в проекте,/Game/DARC/Imported/Textures/072e7111ef104bc4a62bd66dc9edf42d/textures/T_Ekran_2_baseColor
Textures\072e7111ef104bc4a62bd66dc9edf42d\textures\komputer_komplekt_001_baseColor.jpeg,уже в проекте,/Game/DARC/Imported/Textures/072e7111ef104bc4a62bd66dc9edf42d/textures/T_komputer_komplekt_001_baseColor
Textures\072e7111ef104bc4a62bd66dc9edf42d\textures\komputer_komplekt_001_metallicRoughness.png,уже в проекте,/Game/DARC/Imported/Textures/072e7111ef104bc4a62bd66dc9edf42d/textures/T_komputer_komplekt_001_metallicRoughness
Textures\072e7111ef104bc4a62bd66dc9edf42d\textures\komputer_komplekt_001_normal.png,уже в проекте,/Game/DARC/Imported/Textures/072e7111ef104bc4a62bd66dc9edf42d/textures/T_komputer_komplekt_001_normal
Textures\Armstrong_PBR_UE5_2048\T_Armstrong_AO_2048.png,уже в проекте,/Game/DARC/Imported/Textures/Armstrong_PBR_UE5_2048/T_Armstrong_AO_2048
Textures\Armstrong_PBR_UE5_2048\T_Armstrong_BC_2048.png,уже в проекте,/Game/DARC/Imported/Textures/Armstrong_PBR_UE5_2048/T_Armstrong_BC_2048
Textures\Armstrong_PBR_UE5_2048\T_Armstrong_N_2048.png,уже в проекте,/Game/DARC/Imported/Textures/Armstrong_PBR_UE5_2048/T_Armstrong_N_2048
Textures\Armstrong_PBR_UE5_2048\T_Armstrong_R_2048.png,уже в проекте,/Game/DARC/Imported/Textures/Armstrong_PBR_UE5_2048/T_Armstrong_R_2048
Textures\Asphalt010_4K-JPG\Asphalt010.png,уже в проекте,/Game/DARC/Imported/Textures/Asphalt010_4K_JPG/T_Asphalt010
Textures\Asphalt010_4K-JPG\Asphalt010_4K-JPG_Color.jpg,уже в проекте,/Game/DARC/Imported/Textures/Asphalt010_4K_JPG/T_Asphalt010_4K_JPG_Color
Textures\Asphalt010_4K-JPG\Asphalt010_4K-JPG_Displacement.jpg,уже в проекте,/Game/DARC/Imported/Textures/Asphalt010_4K_JPG/T_Asphalt010_4K_JPG_Displacement
Textures\Asphalt010_4K-JPG\Asphalt010_4K-JPG_NormalDX.jpg,уже в проекте,/Game/DARC/Imported/Textures/Asphalt010_4K_JPG/T_Asphalt010_4K_JPG_NormalDX
Textures\Asphalt010_4K-JPG\Asphalt010_4K-JPG_NormalGL.jpg,уже в проекте,/Game/DARC/Imported/Textures/Asphalt010_4K_JPG/T_Asphalt010_4K_JPG_NormalGL
Textures\Asphalt010_4K-JPG\Asphalt010_4K-JPG_Opacity.jpg,уже в проекте,/Game/DARC/Imported/Textures/Asphalt010_4K_JPG/T_Asphalt010_4K_JPG_Opacity
Textures\Asphalt010_4K-JPG\Asphalt010_4K-JPG_Roughness.jpg,уже в проекте,/Game/DARC/Imported/Textures/Asphalt010_4K_JPG/T_Asphalt010_4K_JPG_Roughness
Textures\asphalt_02_4k.blend\textures\asphalt_02_diff_4k.jpg,уже в проекте,/Game/DARC/Imported/Textures/asphalt_02_4k_blend/textures/T_asphalt_02_diff_4k
Textures\asphalt_02_4k.blend\textures\asphalt_02_disp_4k.png,уже в проекте,/Game/DARC/Imported/Textures/asphalt_02_4k_blend/textures/T_asphalt_02_disp_4k
Textures\asphalt_02_4k.blend\textures\asphalt_02_nor_gl_4k.exr,уже в проекте,/Game/DARC/Imported/Textures/asphalt_02_4k_blend/textures/T_asphalt_02_nor_gl_4k
Textures\asphalt_02_4k.blend\textures\asphalt_02_rough_4k.jpg,уже в проекте,/Game/DARC/Imported/Textures/asphalt_02_4k_blend/textures/T_asphalt_02_rough_4k
Textures\assetfile_1154_8ee891102d4c9cc3\Material-117-A_AmbientOcclusion.jpg,уже в проекте,/Game/DARC/Imported/Textures/assetfile_1154_8ee891102d4c9cc3/T_Material_117_A_AmbientOcclusion
Textures\assetfile_1154_8ee891102d4c9cc3\Material-117-A_BaseColor.jpg,уже в проекте,/Game/DARC/Imported/Textures/assetfile_1154_8ee891102d4c9cc3/T_Material_117_A_BaseColor
Textures\assetfile_1154_8ee891102d4c9cc3\Material-117-A_Diffuse.jpg,уже в проекте,/Game/DARC/Imported/Textures/assetfile_1154_8ee891102d4c9cc3/T_Material_117_A_Diffuse
Textures\assetfile_1154_8ee891102d4c9cc3\Material-117-A_Glossiness.jpg,уже в проекте,/Game/DARC/Imported/Textures/assetfile_1154_8ee891102d4c9cc3/T_Material_117_A_Glossiness
Textures\assetfile_1154_8ee891102d4c9cc3\Material-117-A_Height.jpg,уже в проекте,/Game/DARC/Imported/Textures/assetfile_1154_8ee891102d4c9cc3/T_Material_117_A_Height
Textures\assetfile_1154_8ee891102d4c9cc3\Material-117-A_Metallic.jpg,уже в проекте,/Game/DARC/Imported/Textures/assetfile_1154_8ee891102d4c9cc3/T_Material_117_A_Metallic
Textures\assetfile_1154_8ee891102d4c9cc3\Material-117-A_Normal.jpg,уже в проекте,/Game/DARC/Imported/Textures/assetfile_1154_8ee891102d4c9cc3/T_Material_117_A_Normal
Textures\assetfile_1154_8ee891102d4c9cc3\Material-117-A_Roughness.jpg,уже в проекте,/Game/DARC/Imported/Textures/assetfile_1154_8ee891102d4c9cc3/T_Material_117_A_Roughness
Textures\assetfile_1154_8ee891102d4c9cc3\Material-117-A_Specular.jpg,уже в проекте,/Game/DARC/Imported/Textures/assetfile_1154_8ee891102d4c9cc3/T_Material_117_A_Specular
Textures\assetfile_1154_8ee891102d4c9cc3\Preview.png,уже в проекте,/Game/DARC/Imported/Textures/assetfile_1154_8ee891102d4c9cc3/T_Preview
Textures\assetfile_2362_074932c3942806f7\Material-346-A_AmbientOcclusion.jpg,уже в проекте,/Game/DARC/Imported/Textures/assetfile_2362_074932c3942806f7/T_Material_346_A_AmbientOcclusion
Textures\assetfile_2362_074932c3942806f7\Material-346-A_BaseColor.jpg,уже в проекте,/Game/DARC/Imported/Textures/assetfile_2362_074932c3942806f7/T_Material_346_A_BaseColor
Textures\assetfile_2362_074932c3942806f7\Material-346-A_Diffuse.jpg,уже в проекте,/Game/DARC/Imported/Textures/assetfile_2362_074932c3942806f7/T_Material_346_A_Diffuse
Textures\assetfile_2362_074932c3942806f7\Material-346-A_Glossiness.jpg,уже в проекте,/Game/DARC/Imported/Textures/assetfile_2362_074932c3942806f7/T_Material_346_A_Glossiness
Textures\assetfile_2362_074932c3942806f7\Material-346-A_Height.jpg,уже в проекте,/Game/DARC/Imported/Textures/assetfile_2362_074932c3942806f7/T_Material_346_A_Height
Textures\assetfile_2362_074932c3942806f7\Material-346-A_Metallic.jpg,уже в проекте,/Game/DARC/Imported/Textures/assetfile_2362_074932c3942806f7/T_Material_346_A_Metallic
Textures\assetfile_2362_074932c3942806f7\Material-346-A_Normal.jpg,уже в проекте,/Game/DARC/Imported/Textures/assetfile_2362_074932c3942806f7/T_Material_346_A_Normal
Textures\assetfile_2362_074932c3942806f7\Material-346-A_Roughness.jpg,уже в проекте,/Game/DARC/Imported/Textures/assetfile_2362_074932c3942806f7/T_Material_346_A_Roughness
Textures\assetfile_2362_074932c3942806f7\Material-346-A_Specular.jpg,уже в проекте,/Game/DARC/Imported/Textures/assetfile_2362_074932c3942806f7/T_Material_346_A_Specular
Textures\assetfile_2362_074932c3942806f7\Material-346-A_SpecularLevel.jpg,уже в проекте,/Game/DARC/Imported/Textures/assetfile_2362_074932c3942806f7/T_Material_346_A_SpecularLevel
Textures\assetfile_2362_074932c3942806f7\Preview.png,уже в проекте,/Game/DARC/Imported/Textures/assetfile_2362_074932c3942806f7/T_Preview
Textures\assetfile_2542_d0bf2ceaf4a4b22b\Material-428-A_AmbientOcclusion.jpg,уже в проекте,/Game/DARC/Imported/Textures/assetfile_2542_d0bf2ceaf4a4b22b/T_Material_428_A_AmbientOcclusion
Textures\assetfile_2542_d0bf2ceaf4a4b22b\Material-428-A_BaseColor.jpg,уже в проекте,/Game/DARC/Imported/Textures/assetfile_2542_d0bf2ceaf4a4b22b/T_Material_428_A_BaseColor
Textures\assetfile_2542_d0bf2ceaf4a4b22b\Material-428-A_Diffuse.jpg,уже в проекте,/Game/DARC/Imported/Textures/assetfile_2542_d0bf2ceaf4a4b22b/T_Material_428_A_Diffuse
Textures\assetfile_2542_d0bf2ceaf4a4b22b\Material-428-A_Glossiness.jpg,уже в проекте,/Game/DARC/Imported/Textures/assetfile_2542_d0bf2ceaf4a4b22b/T_Material_428_A_Glossiness
Textures\assetfile_2542_d0bf2ceaf4a4b22b\Material-428-A_Height.jpg,уже в проекте,/Game/DARC/Imported/Textures/assetfile_2542_d0bf2ceaf4a4b22b/T_Material_428_A_Height
Textures\assetfile_2542_d0bf2ceaf4a4b22b\Material-428-A_Metallic.jpg,уже в проекте,/Game/DARC/Imported/Textures/assetfile_2542_d0bf2ceaf4a4b22b/T_Material_428_A_Metallic
Textures\assetfile_2542_d0bf2ceaf4a4b22b\Material-428-A_Normal.jpg,уже в проекте,/Game/DARC/Imported/Textures/assetfile_2542_d0bf2ceaf4a4b22b/T_Material_428_A_Normal
Textures\assetfile_2542_d0bf2ceaf4a4b22b\Material-428-A_Roughness.jpg,уже в проекте,/Game/DARC/Imported/Textures/assetfile_2542_d0bf2ceaf4a4b22b/T_Material_428_A_Roughness
Textures\assetfile_2542_d0bf2ceaf4a4b22b\Material-428-A_Specular.jpg,уже в проекте,/Game/DARC/Imported/Textures/assetfile_2542_d0bf2ceaf4a4b22b/T_Material_428_A_Specular
Textures\assetfile_2542_d0bf2ceaf4a4b22b\Material-428-A_SpecularLevel.jpg,уже в проекте,/Game/DARC/Imported/Textures/assetfile_2542_d0bf2ceaf4a4b22b/T_Material_428_A_SpecularLevel
Textures\assetfile_2542_d0bf2ceaf4a4b22b\Preview.png,уже в проекте,/Game/DARC/Imported/Textures/assetfile_2542_d0bf2ceaf4a4b22b/T_Preview
Textures\assetfile_5893_8f74a4930fb3c3f2\Preview.png,уже в проекте,/Game/DARC/Imported/Textures/assetfile_5893_8f74a4930fb3c3f2/T_Preview
Textures\assetfile_5893_8f74a4930fb3c3f2\Textures\AmbientOcclusion.jpg,уже в проекте,/Game/DARC/Imported/Textures/assetfile_5893_8f74a4930fb3c3f2/Textures/T_AmbientOcclusion
Textures\assetfile_5893_8f74a4930fb3c3f2\Textures\BaseColor.jpg,уже в проекте,/Game/DARC/Imported/Textures/assetfile_5893_8f74a4930fb3c3f2/Textures/T_BaseColor
Textures\assetfile_5893_8f74a4930fb3c3f2\Textures\Diffuse.jpg,уже в проекте,/Game/DARC/Imported/Textures/assetfile_5893_8f74a4930fb3c3f2/Textures/T_Diffuse
Textures\assetfile_5893_8f74a4930fb3c3f2\Textures\Glossiness.jpg,уже в проекте,/Game/DARC/Imported/Textures/assetfile_5893_8f74a4930fb3c3f2/Textures/T_Glossiness
Textures\assetfile_5893_8f74a4930fb3c3f2\Textures\Height.jpg,уже в проекте,/Game/DARC/Imported/Textures/assetfile_5893_8f74a4930fb3c3f2/Textures/T_Height
Textures\assetfile_5893_8f74a4930fb3c3f2\Textures\Metallic.jpg,уже в проекте,/Game/DARC/Imported/Textures/assetfile_5893_8f74a4930fb3c3f2/Textures/T_Metallic
Textures\assetfile_5893_8f74a4930fb3c3f2\Textures\NormalDirectX.jpg,уже в проекте,/Game/DARC/Imported/Textures/assetfile_5893_8f74a4930fb3c3f2/Textures/T_NormalDirectX
Textures\assetfile_5893_8f74a4930fb3c3f2\Textures\NormalOpenGL.jpg,уже в проекте,/Game/DARC/Imported/Textures/assetfile_5893_8f74a4930fb3c3f2/Textures/T_NormalOpenGL
Textures\assetfile_5893_8f74a4930fb3c3f2\Textures\Roughness.jpg,уже в проекте,/Game/DARC/Imported/Textures/assetfile_5893_8f74a4930fb3c3f2/Textures/T_Roughness
Textures\assetfile_5893_8f74a4930fb3c3f2\Textures\Specular.jpg,уже в проекте,/Game/DARC/Imported/Textures/assetfile_5893_8f74a4930fb3c3f2/Textures/T_Specular
Textures\assetfile_5893_8f74a4930fb3c3f2\Textures\SpecularLevel.jpg,уже в проекте,/Game/DARC/Imported/Textures/assetfile_5893_8f74a4930fb3c3f2/Textures/T_SpecularLevel
Textures\Bark001_4K-JPG\Bark001.png,уже в проекте,/Game/DARC/Imported/Textures/Bark001_4K_JPG/T_Bark001
Textures\Bark001_4K-JPG\Bark001_4K-JPG_Color.jpg,уже в проекте,/Game/DARC/Imported/Textures/Bark001_4K_JPG/T_Bark001_4K_JPG_Color
Textures\Bark001_4K-JPG\Bark001_4K-JPG_Displacement.jpg,уже в проекте,/Game/DARC/Imported/Textures/Bark001_4K_JPG/T_Bark001_4K_JPG_Displacement
Textures\Bark001_4K-JPG\Bark001_4K-JPG_NormalDX.jpg,уже в проекте,/Game/DARC/Imported/Textures/Bark001_4K_JPG/T_Bark001_4K_JPG_NormalDX
Textures\Bark001_4K-JPG\Bark001_4K-JPG_NormalGL.jpg,уже в проекте,/Game/DARC/Imported/Textures/Bark001_4K_JPG/T_Bark001_4K_JPG_NormalGL
Textures\Bark001_4K-JPG\Bark001_4K-JPG_Roughness.jpg,уже в проекте,/Game/DARC/Imported/Textures/Bark001_4K_JPG/T_Bark001_4K_JPG_Roughness
Textures\brick_wall_006_4k.blend\textures\brick_wall_006_diff_4k.jpg,уже в проекте,/Game/DARC/Imported/Textures/brick_wall_006_4k_blend/textures/T_brick_wall_006_diff_4k
Textures\brick_wall_006_4k.blend\textures\brick_wall_006_disp_4k.png,уже в проекте,/Game/DARC/Imported/Textures/brick_wall_006_4k_blend/textures/T_brick_wall_006_disp_4k
Textures\brick_wall_006_4k.blend\textures\brick_wall_006_nor_gl_4k.exr,уже в проекте,/Game/DARC/Imported/Textures/brick_wall_006_4k_blend/textures/T_brick_wall_006_nor_gl_4k
Textures\brick_wall_006_4k.blend\textures\brick_wall_006_rough_4k.exr,уже в проекте,/Game/DARC/Imported/Textures/brick_wall_006_4k_blend/textures/T_brick_wall_006_rough_4k
Textures\Carpet012_4K-JPG\Carpet012.png,уже в проекте,/Game/DARC/Imported/Textures/Carpet012_4K_JPG/T_Carpet012
Textures\Carpet012_4K-JPG\Carpet012_4K-JPG_AmbientOcclusion.jpg,уже в проекте,/Game/DARC/Imported/Textures/Carpet012_4K_JPG/T_Carpet012_4K_JPG_AmbientOcclusion
Textures\Carpet012_4K-JPG\Carpet012_4K-JPG_Color.jpg,уже в проекте,/Game/DARC/Imported/Textures/Carpet012_4K_JPG/T_Carpet012_4K_JPG_Color
Textures\Carpet012_4K-JPG\Carpet012_4K-JPG_Displacement.jpg,уже в проекте,/Game/DARC/Imported/Textures/Carpet012_4K_JPG/T_Carpet012_4K_JPG_Displacement
Textures\Carpet012_4K-JPG\Carpet012_4K-JPG_NormalDX.jpg,уже в проекте,/Game/DARC/Imported/Textures/Carpet012_4K_JPG/T_Carpet012_4K_JPG_NormalDX
Textures\Carpet012_4K-JPG\Carpet012_4K-JPG_NormalGL.jpg,уже в проекте,/Game/DARC/Imported/Textures/Carpet012_4K_JPG/T_Carpet012_4K_JPG_NormalGL
Textures\Carpet012_4K-JPG\Carpet012_4K-JPG_Roughness.jpg,уже в проекте,/Game/DARC/Imported/Textures/Carpet012_4K_JPG/T_Carpet012_4K_JPG_Roughness
Textures\concrete_layers_4k.blend\textures\concrete_layers_diff_4k.jpg,уже в проекте,/Game/DARC/Imported/Textures/concrete_layers_4k_blend/textures/T_concrete_layers_diff_4k
Textures\concrete_layers_4k.blend\textures\concrete_layers_disp_4k.png,уже в проекте,/Game/DARC/Imported/Textures/concrete_layers_4k_blend/textures/T_concrete_layers_disp_4k
Textures\concrete_layers_4k.blend\textures\concrete_layers_nor_gl_4k.exr,уже в проекте,/Game/DARC/Imported/Textures/concrete_layers_4k_blend/textures/T_concrete_layers_nor_gl_4k
Textures\concrete_layers_4k.blend\textures\concrete_layers_rough_4k.exr,уже в проекте,/Game/DARC/Imported/Textures/concrete_layers_4k_blend/textures/T_concrete_layers_rough_4k
Textures\concrete_wall_004_4k.blend\textures\concrete_wall_004_diff_4k.jpg,уже в проекте,/Game/DARC/Imported/Textures/concrete_wall_004_4k_blend/textures/T_concrete_wall_004_diff_4k
Textures\concrete_wall_004_4k.blend\textures\concrete_wall_004_disp_4k.png,уже в проекте,/Game/DARC/Imported/Textures/concrete_wall_004_4k_blend/textures/T_concrete_wall_004_disp_4k
Textures\concrete_wall_004_4k.blend\textures\concrete_wall_004_nor_gl_4k.exr,уже в проекте,/Game/DARC/Imported/Textures/concrete_wall_004_4k_blend/textures/T_concrete_wall_004_nor_gl_4k
Textures\concrete_wall_004_4k.blend\textures\concrete_wall_004_rough_4k.exr,уже в проекте,/Game/DARC/Imported/Textures/concrete_wall_004_4k_blend/textures/T_concrete_wall_004_rough_4k
Textures\concrete_wall_008_4k.blend\textures\concrete_wall_008_diff_4k.jpg,уже в проекте,/Game/DARC/Imported/Textures/concrete_wall_008_4k_blend/textures/T_concrete_wall_008_diff_4k
Textures\concrete_wall_008_4k.blend\textures\concrete_wall_008_disp_4k.png,уже в проекте,/Game/DARC/Imported/Textures/concrete_wall_008_4k_blend/textures/T_concrete_wall_008_disp_4k
Textures\concrete_wall_008_4k.blend\textures\concrete_wall_008_nor_gl_4k.exr,уже в проекте,/Game/DARC/Imported/Textures/concrete_wall_008_4k_blend/textures/T_concrete_wall_008_nor_gl_4k
Textures\concrete_wall_008_4k.blend\textures\concrete_wall_008_rough_4k.exr,уже в проекте,/Game/DARC/Imported/Textures/concrete_wall_008_4k_blend/textures/T_concrete_wall_008_rough_4k
Textures\corrugated_iron_02_4k.blend\textures\corrugated_iron_02_diff_4k.jpg,уже в проекте,/Game/DARC/Imported/Textures/corrugated_iron_02_4k_blend/textures/T_corrugated_iron_02_diff_4k
Textures\corrugated_iron_02_4k.blend\textures\corrugated_iron_02_disp_4k.png,уже в проекте,/Game/DARC/Imported/Textures/corrugated_iron_02_4k_blend/textures/T_corrugated_iron_02_disp_4k
Textures\corrugated_iron_02_4k.blend\textures\corrugated_iron_02_metal_4k.exr,уже в проекте,/Game/DARC/Imported/Textures/corrugated_iron_02_4k_blend/textures/T_corrugated_iron_02_metal_4k
Textures\corrugated_iron_02_4k.blend\textures\corrugated_iron_02_nor_gl_4k.exr,уже в проекте,/Game/DARC/Imported/Textures/corrugated_iron_02_4k_blend/textures/T_corrugated_iron_02_nor_gl_4k
Textures\corrugated_iron_02_4k.blend\textures\corrugated_iron_02_rough_4k.exr,уже в проекте,/Game/DARC/Imported/Textures/corrugated_iron_02_4k_blend/textures/T_corrugated_iron_02_rough_4k
Textures\DaySkyHDRI020A_12K\DaySkyHDRI020A.png,уже в проекте,/Game/DARC/Imported/Textures/DaySkyHDRI020A_12K/T_DaySkyHDRI020A
Textures\DaySkyHDRI020A_12K\DaySkyHDRI020A_12K_HDR.exr,уже в проекте,/Game/DARC/Imported/Textures/DaySkyHDRI020A_12K/T_DaySkyHDRI020A_12K_HDR
Textures\DaySkyHDRI020A_12K\DaySkyHDRI020A_12K_TONEMAPPED.jpg,уже в проекте,/Game/DARC/Imported/Textures/DaySkyHDRI020A_12K/T_DaySkyHDRI020A_12K_TONEMAPPED
Textures\denim_fabric_06_4k.blend\textures\denim_fabric_06_diff_4k.jpg,уже в проекте,/Game/DARC/Imported/Textures/denim_fabric_06_4k_blend/textures/T_denim_fabric_06_diff_4k
Textures\denim_fabric_06_4k.blend\textures\denim_fabric_06_disp_4k.png,уже в проекте,/Game/DARC/Imported/Textures/denim_fabric_06_4k_blend/textures/T_denim_fabric_06_disp_4k
Textures\denim_fabric_06_4k.blend\textures\denim_fabric_06_nor_gl_4k.exr,уже в проекте,/Game/DARC/Imported/Textures/denim_fabric_06_4k_blend/textures/T_denim_fabric_06_nor_gl_4k
Textures\denim_fabric_06_4k.blend\textures\denim_fabric_06_rough_4k.exr,уже в проекте,/Game/DARC/Imported/Textures/denim_fabric_06_4k_blend/textures/T_denim_fabric_06_rough_4k
Textures\diagonal_parquet_4k.blend\textures\diagonal_parquet_ao_4k.jpg,уже в проекте,/Game/DARC/Imported/Textures/diagonal_parquet_4k_blend/textures/T_diagonal_parquet_ao_4k
Textures\diagonal_parquet_4k.blend\textures\diagonal_parquet_diff_4k.jpg,уже в проекте,/Game/DARC/Imported/Textures/diagonal_parquet_4k_blend/textures/T_diagonal_parquet_diff_4k
Textures\diagonal_parquet_4k.blend\textures\diagonal_parquet_disp_4k.png,уже в проекте,/Game/DARC/Imported/Textures/diagonal_parquet_4k_blend/textures/T_diagonal_parquet_disp_4k
Textures\diagonal_parquet_4k.blend\textures\diagonal_parquet_nor_gl_4k.exr,уже в проекте,/Game/DARC/Imported/Textures/diagonal_parquet_4k_blend/textures/T_diagonal_parquet_nor_gl_4k
Textures\diagonal_parquet_4k.blend\textures\diagonal_parquet_rough_4k.exr,уже в проекте,/Game/DARC/Imported/Textures/diagonal_parquet_4k_blend/textures/T_diagonal_parquet_rough_4k
Textures\fabric_leather_01_4k.blend\textures\fabric_leather_01_diff_4k.jpg,уже в проекте,/Game/DARC/Imported/Textures/fabric_leather_01_4k_blend/textures/T_fabric_leather_01_diff_4k
Textures\fabric_leather_01_4k.blend\textures\fabric_leather_01_disp_4k.png,уже в проекте,/Game/DARC/Imported/Textures/fabric_leather_01_4k_blend/textures/T_fabric_leather_01_disp_4k
Textures\fabric_leather_01_4k.blend\textures\fabric_leather_01_nor_gl_4k.exr,уже в проекте,/Game/DARC/Imported/Textures/fabric_leather_01_4k_blend/textures/T_fabric_leather_01_nor_gl_4k
Textures\fabric_leather_01_4k.blend\textures\fabric_leather_01_rough_4k.jpg,уже в проекте,/Game/DARC/Imported/Textures/fabric_leather_01_4k_blend/textures/T_fabric_leather_01_rough_4k
Textures\floor_tiles_02_4k.blend\textures\floor_tiles_02_diff_4k.jpg,уже в проекте,/Game/DARC/Imported/Textures/floor_tiles_02_4k_blend/textures/T_floor_tiles_02_diff_4k
Textures\floor_tiles_02_4k.blend\textures\floor_tiles_02_disp_4k.png,уже в проекте,/Game/DARC/Imported/Textures/floor_tiles_02_4k_blend/textures/T_floor_tiles_02_disp_4k
Textures\floor_tiles_02_4k.blend\textures\floor_tiles_02_nor_gl_4k.exr,уже в проекте,/Game/DARC/Imported/Textures/floor_tiles_02_4k_blend/textures/T_floor_tiles_02_nor_gl_4k
Textures\floor_tiles_02_4k.blend\textures\floor_tiles_02_rough_4k.jpg,уже в проекте,/Game/DARC/Imported/Textures/floor_tiles_02_4k_blend/textures/T_floor_tiles_02_rough_4k
Textures\forest_leaves_02_4k.blend\textures\forest_leaves_02_diffuse_4k.jpg,уже в проекте,/Game/DARC/Imported/Textures/forest_leaves_02_4k_blend/textures/T_forest_leaves_02_diffuse_4k
Textures\forest_leaves_02_4k.blend\textures\forest_leaves_02_disp_4k.png,уже в проекте,/Game/DARC/Imported/Textures/forest_leaves_02_4k_blend/textures/T_forest_leaves_02_disp_4k
Textures\forest_leaves_02_4k.blend\textures\forest_leaves_02_nor_gl_4k.exr,уже в проекте,/Game/DARC/Imported/Textures/forest_leaves_02_4k_blend/textures/T_forest_leaves_02_nor_gl_4k
Textures\forest_leaves_02_4k.blend\textures\forest_leaves_02_rough_4k.jpg,уже в проекте,/Game/DARC/Imported/Textures/forest_leaves_02_4k_blend/textures/T_forest_leaves_02_rough_4k
Textures\forest_leaves_03_4k.blend\textures\forest_leaves_03_diff_4k.jpg,уже в проекте,/Game/DARC/Imported/Textures/forest_leaves_03_4k_blend/textures/T_forest_leaves_03_diff_4k
Textures\forest_leaves_03_4k.blend\textures\forest_leaves_03_disp_4k.png,уже в проекте,/Game/DARC/Imported/Textures/forest_leaves_03_4k_blend/textures/T_forest_leaves_03_disp_4k
Textures\forest_leaves_03_4k.blend\textures\forest_leaves_03_nor_gl_4k.exr,уже в проекте,/Game/DARC/Imported/Textures/forest_leaves_03_4k_blend/textures/T_forest_leaves_03_nor_gl_4k
Textures\forest_leaves_03_4k.blend\textures\forest_leaves_03_rough_4k.exr,уже в проекте,/Game/DARC/Imported/Textures/forest_leaves_03_4k_blend/textures/T_forest_leaves_03_rough_4k
Textures\Ground074_4K-JPG\Ground074.png,уже в проекте,/Game/DARC/Imported/Textures/Ground074_4K_JPG/T_Ground074
Textures\Ground074_4K-JPG\Ground074_4K-JPG_AmbientOcclusion.jpg,уже в проекте,/Game/DARC/Imported/Textures/Ground074_4K_JPG/T_Ground074_4K_JPG_AmbientOcclusion
Textures\Ground074_4K-JPG\Ground074_4K-JPG_Color.jpg,уже в проекте,/Game/DARC/Imported/Textures/Ground074_4K_JPG/T_Ground074_4K_JPG_Color
Textures\Ground074_4K-JPG\Ground074_4K-JPG_Displacement.jpg,уже в проекте,/Game/DARC/Imported/Textures/Ground074_4K_JPG/T_Ground074_4K_JPG_Displacement
Textures\Ground074_4K-JPG\Ground074_4K-JPG_NormalDX.jpg,уже в проекте,/Game/DARC/Imported/Textures/Ground074_4K_JPG/T_Ground074_4K_JPG_NormalDX
Textures\Ground074_4K-JPG\Ground074_4K-JPG_NormalGL.jpg,уже в проекте,/Game/DARC/Imported/Textures/Ground074_4K_JPG/T_Ground074_4K_JPG_NormalGL
Textures\Ground074_4K-JPG\Ground074_4K-JPG_Roughness.jpg,уже в проекте,/Game/DARC/Imported/Textures/Ground074_4K_JPG/T_Ground074_4K_JPG_Roughness
Textures\Ground108_4K-JPG\Ground108.png,уже в проекте,/Game/DARC/Imported/Textures/Ground108_4K_JPG/T_Ground108
Textures\Ground108_4K-JPG\Ground108_4K-JPG_AmbientOcclusion.jpg,уже в проекте,/Game/DARC/Imported/Textures/Ground108_4K_JPG/T_Ground108_4K_JPG_AmbientOcclusion
Textures\Ground108_4K-JPG\Ground108_4K-JPG_Color.jpg,уже в проекте,/Game/DARC/Imported/Textures/Ground108_4K_JPG/T_Ground108_4K_JPG_Color
Textures\Ground108_4K-JPG\Ground108_4K-JPG_Displacement.jpg,уже в проекте,/Game/DARC/Imported/Textures/Ground108_4K_JPG/T_Ground108_4K_JPG_Displacement
Textures\Ground108_4K-JPG\Ground108_4K-JPG_NormalDX.jpg,уже в проекте,/Game/DARC/Imported/Textures/Ground108_4K_JPG/T_Ground108_4K_JPG_NormalDX
Textures\Ground108_4K-JPG\Ground108_4K-JPG_NormalGL.jpg,уже в проекте,/Game/DARC/Imported/Textures/Ground108_4K_JPG/T_Ground108_4K_JPG_NormalGL
Textures\Ground108_4K-JPG\Ground108_4K-JPG_Roughness.jpg,уже в проекте,/Game/DARC/Imported/Textures/Ground108_4K_JPG/T_Ground108_4K_JPG_Roughness
Textures\IndoorEnvironmentHDRI015_12K\IndoorEnvironmentHDRI015.png,уже в проекте,/Game/DARC/Imported/Textures/IndoorEnvironmentHDRI015_12K/T_IndoorEnvironmentHDRI015
Textures\IndoorEnvironmentHDRI015_12K\IndoorEnvironmentHDRI015_12K_HDR.exr,уже в проекте,/Game/DARC/Imported/Textures/IndoorEnvironmentHDRI015_12K/T_IndoorEnvironmentHDRI015_12K_HDR
Textures\IndoorEnvironmentHDRI015_12K\IndoorEnvironmentHDRI015_12K_TONEMAPPED.jpg,уже в проекте,/Game/DARC/Imported/Textures/IndoorEnvironmentHDRI015_12K/T_IndoorEnvironmentHDRI015_12K_TONEMAPPED
Textures\ManholeCover05_4K\ManholeCover05_4K_BaseColor.png,уже в проекте,/Game/DARC/Imported/Textures/ManholeCover05_4K/T_ManholeCover05_4K_BaseColor
Textures\ManholeCover05_4K\ManholeCover05_4K_Height.png,уже в проекте,/Game/DARC/Imported/Textures/ManholeCover05_4K/T_ManholeCover05_4K_Height
Textures\ManholeCover05_4K\ManholeCover05_4K_Mask.png,уже в проекте,/Game/DARC/Imported/Textures/ManholeCover05_4K/T_ManholeCover05_4K_Mask
Textures\ManholeCover05_4K\ManholeCover05_4K_Metallic.png,уже в проекте,/Game/DARC/Imported/Textures/ManholeCover05_4K/T_ManholeCover05_4K_Metallic
Textures\ManholeCover05_4K\ManholeCover05_4K_Normal.png,уже в проекте,/Game/DARC/Imported/Textures/ManholeCover05_4K/T_ManholeCover05_4K_Normal
Textures\ManholeCover05_4K\ManholeCover05_4K_Roughness.png,уже в проекте,/Game/DARC/Imported/Textures/ManholeCover05_4K/T_ManholeCover05_4K_Roughness
Textures\metal_plate_4k.blend\textures\metal_plate_diff_4k.jpg,уже в проекте,/Game/DARC/Imported/Textures/metal_plate_4k_blend/textures/T_metal_plate_diff_4k
Textures\metal_plate_4k.blend\textures\metal_plate_disp_4k.png,уже в проекте,/Game/DARC/Imported/Textures/metal_plate_4k_blend/textures/T_metal_plate_disp_4k
Textures\metal_plate_4k.blend\textures\metal_plate_metal_4k.exr,уже в проекте,/Game/DARC/Imported/Textures/metal_plate_4k_blend/textures/T_metal_plate_metal_4k
Textures\metal_plate_4k.blend\textures\metal_plate_nor_gl_4k.exr,уже в проекте,/Game/DARC/Imported/Textures/metal_plate_4k_blend/textures/T_metal_plate_nor_gl_4k
Textures\metal_plate_4k.blend\textures\metal_plate_rough_4k.exr,уже в проекте,/Game/DARC/Imported/Textures/metal_plate_4k_blend/textures/T_metal_plate_rough_4k
Textures\NightEnvironmentHDRI008_12K\NightEnvironmentHDRI008.png,уже в проекте,/Game/DARC/Imported/Textures/NightEnvironmentHDRI008_12K/T_NightEnvironmentHDRI008
Textures\NightEnvironmentHDRI008_12K\NightEnvironmentHDRI008_12K_HDR.exr,уже в проекте,/Game/DARC/Imported/Textures/NightEnvironmentHDRI008_12K/T_NightEnvironmentHDRI008_12K_HDR
Textures\NightEnvironmentHDRI008_12K\NightEnvironmentHDRI008_12K_TONEMAPPED.jpg,уже в проекте,/Game/DARC/Imported/Textures/NightEnvironmentHDRI008_12K/T_NightEnvironmentHDRI008_12K_TONEMAPPED
Textures\NightSkyHDRI016B_12K\NightSkyHDRI016B.png,уже в проекте,/Game/DARC/Imported/Textures/NightSkyHDRI016B_12K/T_NightSkyHDRI016B
Textures\NightSkyHDRI016B_12K\NightSkyHDRI016B_12K_HDR.exr,уже в проекте,/Game/DARC/Imported/Textures/NightSkyHDRI016B_12K/T_NightSkyHDRI016B_12K_HDR
Textures\NightSkyHDRI016B_12K\NightSkyHDRI016B_12K_TONEMAPPED.jpg,уже в проекте,/Game/DARC/Imported/Textures/NightSkyHDRI016B_12K/T_NightSkyHDRI016B_12K_TONEMAPPED
Textures\OldIron01_MR_4K\OldIron01_4K_BaseColor.png,уже в проекте,/Game/DARC/Imported/Textures/OldIron01_MR_4K/T_OldIron01_4K_BaseColor
Textures\OldIron01_MR_4K\OldIron01_4K_Height.png,уже в проекте,/Game/DARC/Imported/Textures/OldIron01_MR_4K/T_OldIron01_4K_Height
Textures\OldIron01_MR_4K\OldIron01_4K_Metallic.png,уже в проекте,/Game/DARC/Imported/Textures/OldIron01_MR_4K/T_OldIron01_4K_Metallic
Textures\OldIron01_MR_4K\OldIron01_4K_Normal.png,уже в проекте,/Game/DARC/Imported/Textures/OldIron01_MR_4K/T_OldIron01_4K_Normal
Textures\OldIron01_MR_4K\OldIron01_4K_Roughness.png,уже в проекте,/Game/DARC/Imported/Textures/OldIron01_MR_4K/T_OldIron01_4K_Roughness
Textures\old_linoleum_flooring_01_4k.blend\textures\old_linoleum_flooring_01_diff_4k.jpg,уже в проекте,/Game/DARC/Imported/Textures/old_linoleum_flooring_01_4k_blend/textures/T_old_linoleum_flooring_01_diff_4k
Textures\old_linoleum_flooring_01_4k.blend\textures\old_linoleum_flooring_01_disp_4k.png,уже в проекте,/Game/DARC/Imported/Textures/old_linoleum_flooring_01_4k_blend/textures/T_old_linoleum_flooring_01_disp_4k
Textures\old_linoleum_flooring_01_4k.blend\textures\old_linoleum_flooring_01_nor_gl_4k.exr,уже в проекте,/Game/DARC/Imported/Textures/old_linoleum_flooring_01_4k_blend/textures/T_old_linoleum_flooring_01_nor_gl_4k
Textures\old_linoleum_flooring_01_4k.blend\textures\old_linoleum_flooring_01_rough_4k.exr,уже в проекте,/Game/DARC/Imported/Textures/old_linoleum_flooring_01_4k_blend/textures/T_old_linoleum_flooring_01_rough_4k
Textures\Onyx015_4K-JPG\Onyx015.png,уже в проекте,/Game/DARC/Imported/Textures/Onyx015_4K_JPG/T_Onyx015
Textures\Onyx015_4K-JPG\Onyx015_4K-JPG_Color.jpg,уже в проекте,/Game/DARC/Imported/Textures/Onyx015_4K_JPG/T_Onyx015_4K_JPG_Color
Textures\Onyx015_4K-JPG\Onyx015_4K-JPG_Displacement.jpg,уже в проекте,/Game/DARC/Imported/Textures/Onyx015_4K_JPG/T_Onyx015_4K_JPG_Displacement
Textures\Onyx015_4K-JPG\Onyx015_4K-JPG_NormalDX.jpg,уже в проекте,/Game/DARC/Imported/Textures/Onyx015_4K_JPG/T_Onyx015_4K_JPG_NormalDX
Textures\Onyx015_4K-JPG\Onyx015_4K-JPG_NormalGL.jpg,уже в проекте,/Game/DARC/Imported/Textures/Onyx015_4K_JPG/T_Onyx015_4K_JPG_NormalGL
Textures\Onyx015_4K-JPG\Onyx015_4K-JPG_Roughness.jpg,уже в проекте,/Game/DARC/Imported/Textures/Onyx015_4K_JPG/T_Onyx015_4K_JPG_Roughness
Textures\oriented_strand_board_4k.blend\textures\oriented_strand_board_diff_4k.jpg,уже в проекте,/Game/DARC/Imported/Textures/oriented_strand_board_4k_blend/textures/T_oriented_strand_board_diff_4k
Textures\oriented_strand_board_4k.blend\textures\oriented_strand_board_disp_4k.png,уже в проекте,/Game/DARC/Imported/Textures/oriented_strand_board_4k_blend/textures/T_oriented_strand_board_disp_4k
Textures\oriented_strand_board_4k.blend\textures\oriented_strand_board_nor_gl_4k.exr,уже в проекте,/Game/DARC/Imported/Textures/oriented_strand_board_4k_blend/textures/T_oriented_strand_board_nor_gl_4k
Textures\oriented_strand_board_4k.blend\textures\oriented_strand_board_rough_4k.exr,уже в проекте,/Game/DARC/Imported/Textures/oriented_strand_board_4k_blend/textures/T_oriented_strand_board_rough_4k
Textures\painted_plaster_wall_4k.blend\textures\painted_plaster_wall_diff_4k.jpg,уже в проекте,/Game/DARC/Imported/Textures/painted_plaster_wall_4k_blend/textures/T_painted_plaster_wall_diff_4k
Textures\painted_plaster_wall_4k.blend\textures\painted_plaster_wall_disp_4k.png,уже в проекте,/Game/DARC/Imported/Textures/painted_plaster_wall_4k_blend/textures/T_painted_plaster_wall_disp_4k
Textures\painted_plaster_wall_4k.blend\textures\painted_plaster_wall_nor_gl_4k.exr,уже в проекте,/Game/DARC/Imported/Textures/painted_plaster_wall_4k_blend/textures/T_painted_plaster_wall_nor_gl_4k
Textures\painted_plaster_wall_4k.blend\textures\painted_plaster_wall_rough_4k.exr,уже в проекте,/Game/DARC/Imported/Textures/painted_plaster_wall_4k_blend/textures/T_painted_plaster_wall_rough_4k
Textures\peeling_painted_wall_4k.blend\textures\peeling_painted_wall_diff_4k.jpg,уже в проекте,/Game/DARC/Imported/Textures/peeling_painted_wall_4k_blend/textures/T_peeling_painted_wall_diff_4k
Textures\peeling_painted_wall_4k.blend\textures\peeling_painted_wall_disp_4k.png,уже в проекте,/Game/DARC/Imported/Textures/peeling_painted_wall_4k_blend/textures/T_peeling_painted_wall_disp_4k
Textures\peeling_painted_wall_4k.blend\textures\peeling_painted_wall_nor_gl_4k.exr,уже в проекте,/Game/DARC/Imported/Textures/peeling_painted_wall_4k_blend/textures/T_peeling_painted_wall_nor_gl_4k
Textures\peeling_painted_wall_4k.blend\textures\peeling_painted_wall_rough_4k.exr,уже в проекте,/Game/DARC/Imported/Textures/peeling_painted_wall_4k_blend/textures/T_peeling_painted_wall_rough_4k
Textures\Poliigon_GrassPatchyGround_4585\Poliigon_GrassPatchyGround_4585_Preview1.png,уже в проекте,/Game/DARC/Imported/Textures/Poliigon_GrassPatchyGround_4585/T_Poliigon_GrassPatchyGround_4585_Preview1
Textures\Poliigon_GrassPatchyGround_4585\2K\Poliigon_GrassPatchyGround_4585_AmbientOcclusion.jpg,уже в проекте,/Game/DARC/Imported/Textures/Poliigon_GrassPatchyGround_4585/2K/T_Poliigon_GrassPatchyGround_4585_AmbientOcclusion
Textures\Poliigon_GrassPatchyGround_4585\2K\Poliigon_GrassPatchyGround_4585_BaseColor.jpg,уже в проекте,/Game/DARC/Imported/Textures/Poliigon_GrassPatchyGround_4585/2K/T_Poliigon_GrassPatchyGround_4585_BaseColor
Textures\Poliigon_GrassPatchyGround_4585\2K\Poliigon_GrassPatchyGround_4585_Displacement.tiff,уже в проекте,/Game/DARC/Imported/Textures/Poliigon_GrassPatchyGround_4585/2K/T_Poliigon_GrassPatchyGround_4585_Displacement
Textures\Poliigon_GrassPatchyGround_4585\2K\Poliigon_GrassPatchyGround_4585_Metallic.jpg,уже в проекте,/Game/DARC/Imported/Textures/Poliigon_GrassPatchyGround_4585/2K/T_Poliigon_GrassPatchyGround_4585_Metallic
Textures\Poliigon_GrassPatchyGround_4585\2K\Poliigon_GrassPatchyGround_4585_Normal.png,уже в проекте,/Game/DARC/Imported/Textures/Poliigon_GrassPatchyGround_4585/2K/T_Poliigon_GrassPatchyGround_4585_Normal
Textures\Poliigon_GrassPatchyGround_4585\2K\Poliigon_GrassPatchyGround_4585_Roughness.jpg,уже в проекте,/Game/DARC/Imported/Textures/Poliigon_GrassPatchyGround_4585/2K/T_Poliigon_GrassPatchyGround_4585_Roughness
Textures\ribbed_corduroy_4k.blend\textures\ribbed_corduroy_anisotropy_rotation_4k.png,уже в проекте,/Game/DARC/Imported/Textures/ribbed_corduroy_4k_blend/textures/T_ribbed_corduroy_anisotropy_rotation_4k
Textures\ribbed_corduroy_4k.blend\textures\ribbed_corduroy_anisotropy_strength_4k.png,уже в проекте,/Game/DARC/Imported/Textures/ribbed_corduroy_4k_blend/textures/T_ribbed_corduroy_anisotropy_strength_4k
Textures\ribbed_corduroy_4k.blend\textures\ribbed_corduroy_diff_4k.jpg,уже в проекте,/Game/DARC/Imported/Textures/ribbed_corduroy_4k_blend/textures/T_ribbed_corduroy_diff_4k
Textures\ribbed_corduroy_4k.blend\textures\ribbed_corduroy_disp_4k.png,уже в проекте,/Game/DARC/Imported/Textures/ribbed_corduroy_4k_blend/textures/T_ribbed_corduroy_disp_4k
Textures\ribbed_corduroy_4k.blend\textures\ribbed_corduroy_metal_4k.exr,уже в проекте,/Game/DARC/Imported/Textures/ribbed_corduroy_4k_blend/textures/T_ribbed_corduroy_metal_4k
Textures\ribbed_corduroy_4k.blend\textures\ribbed_corduroy_nor_gl_4k.exr,уже в проекте,/Game/DARC/Imported/Textures/ribbed_corduroy_4k_blend/textures/T_ribbed_corduroy_nor_gl_4k
Textures\ribbed_corduroy_4k.blend\textures\ribbed_corduroy_rough_4k.exr,уже в проекте,/Game/DARC/Imported/Textures/ribbed_corduroy_4k_blend/textures/T_ribbed_corduroy_rough_4k
Textures\ribbed_corduroy_4k.blend\textures\ribbed_corduroy_spec_ior_4k.png,уже в проекте,/Game/DARC/Imported/Textures/ribbed_corduroy_4k_blend/textures/T_ribbed_corduroy_spec_ior_4k
Textures\rock_face_04_4k.blend\textures\rock_face_04_diff_4k.jpg,уже в проекте,/Game/DARC/Imported/Textures/rock_face_04_4k_blend/textures/T_rock_face_04_diff_4k
Textures\rock_face_04_4k.blend\textures\rock_face_04_disp_4k.png,уже в проекте,/Game/DARC/Imported/Textures/rock_face_04_4k_blend/textures/T_rock_face_04_disp_4k
Textures\rock_face_04_4k.blend\textures\rock_face_04_nor_gl_4k.exr,уже в проекте,/Game/DARC/Imported/Textures/rock_face_04_4k_blend/textures/T_rock_face_04_nor_gl_4k
Textures\rock_face_04_4k.blend\textures\rock_face_04_rough_4k.exr,уже в проекте,/Game/DARC/Imported/Textures/rock_face_04_4k_blend/textures/T_rock_face_04_rough_4k
Textures\rubber_tiles_4k.blend\textures\rubber_tiles_diff_4k.jpg,уже в проекте,/Game/DARC/Imported/Textures/rubber_tiles_4k_blend/textures/T_rubber_tiles_diff_4k
Textures\rubber_tiles_4k.blend\textures\rubber_tiles_disp_4k.png,уже в проекте,/Game/DARC/Imported/Textures/rubber_tiles_4k_blend/textures/T_rubber_tiles_disp_4k
Textures\rubber_tiles_4k.blend\textures\rubber_tiles_nor_gl_4k.exr,уже в проекте,/Game/DARC/Imported/Textures/rubber_tiles_4k_blend/textures/T_rubber_tiles_nor_gl_4k
Textures\rubber_tiles_4k.blend\textures\rubber_tiles_rough_4k.exr,уже в проекте,/Game/DARC/Imported/Textures/rubber_tiles_4k_blend/textures/T_rubber_tiles_rough_4k
Textures\rusty_chicken_wire-4K\rusty_chicken_wire-4K\rusty_chain_ambientocclusion-4K.png,уже в проекте,/Game/DARC/Imported/Textures/rusty_chicken_wire_4K/rusty_chicken_wire_4K/T_rusty_chain_ambientocclusion_4K
Textures\rusty_chicken_wire-4K\rusty_chicken_wire-4K\rusty_chain_basecolor-4K.png,уже в проекте,/Game/DARC/Imported/Textures/rusty_chicken_wire_4K/rusty_chicken_wire_4K/T_rusty_chain_basecolor_4K
Textures\rusty_chicken_wire-4K\rusty_chicken_wire-4K\rusty_chain_height-4K.png,уже в проекте,/Game/DARC/Imported/Textures/rusty_chicken_wire_4K/rusty_chicken_wire_4K/T_rusty_chain_height_4K
Textures\rusty_chicken_wire-4K\rusty_chicken_wire-4K\rusty_chain_metallic-4K.png,уже в проекте,/Game/DARC/Imported/Textures/rusty_chicken_wire_4K/rusty_chicken_wire_4K/T_rusty_chain_metallic_4K
Textures\rusty_chicken_wire-4K\rusty_chicken_wire-4K\rusty_chain_normal-4K.png,уже в проекте,/Game/DARC/Imported/Textures/rusty_chicken_wire_4K/rusty_chicken_wire_4K/T_rusty_chain_normal_4K
Textures\rusty_chicken_wire-4K\rusty_chicken_wire-4K\rusty_chain_opacity-4K.png,уже в проекте,/Game/DARC/Imported/Textures/rusty_chicken_wire_4K/rusty_chicken_wire_4K/T_rusty_chain_opacity_4K
Textures\rusty_chicken_wire-4K\rusty_chicken_wire-4K\rusty_chain_roughness-4K.png,уже в проекте,/Game/DARC/Imported/Textures/rusty_chicken_wire_4K/rusty_chicken_wire_4K/T_rusty_chain_roughness_4K
Textures\rusty_metal_05_4k.blend\textures\rusty_metal_05_diff_4k.jpg,уже в проекте,/Game/DARC/Imported/Textures/rusty_metal_05_4k_blend/textures/T_rusty_metal_05_diff_4k
Textures\rusty_metal_05_4k.blend\textures\rusty_metal_05_disp_4k.png,уже в проекте,/Game/DARC/Imported/Textures/rusty_metal_05_4k_blend/textures/T_rusty_metal_05_disp_4k
Textures\rusty_metal_05_4k.blend\textures\rusty_metal_05_nor_gl_4k.exr,уже в проекте,/Game/DARC/Imported/Textures/rusty_metal_05_4k_blend/textures/T_rusty_metal_05_nor_gl_4k
Textures\rusty_metal_05_4k.blend\textures\rusty_metal_05_rough_4k.exr,уже в проекте,/Game/DARC/Imported/Textures/rusty_metal_05_4k_blend/textures/T_rusty_metal_05_rough_4k
Textures\sparse_grass_4k.blend\textures\sparse_grass_diff_4k.jpg,уже в проекте,/Game/DARC/Imported/Textures/sparse_grass_4k_blend/textures/T_sparse_grass_diff_4k
Textures\sparse_grass_4k.blend\textures\sparse_grass_disp_4k.png,уже в проекте,/Game/DARC/Imported/Textures/sparse_grass_4k_blend/textures/T_sparse_grass_disp_4k
Textures\sparse_grass_4k.blend\textures\sparse_grass_mask_4k.png,уже в проекте,/Game/DARC/Imported/Textures/sparse_grass_4k_blend/textures/T_sparse_grass_mask_4k
Textures\sparse_grass_4k.blend\textures\sparse_grass_nor_gl_4k.exr,уже в проекте,/Game/DARC/Imported/Textures/sparse_grass_4k_blend/textures/T_sparse_grass_nor_gl_4k
Textures\sparse_grass_4k.blend\textures\sparse_grass_rough_4k.exr,уже в проекте,/Game/DARC/Imported/Textures/sparse_grass_4k_blend/textures/T_sparse_grass_rough_4k
Textures\wallpaper_11-4K\wallpaper_11-4K\4K-walllpaper_11-ao.jpg,уже в проекте,/Game/DARC/Imported/Textures/wallpaper_11_4K/wallpaper_11_4K/T_4K_walllpaper_11_ao
Textures\wallpaper_11-4K\wallpaper_11-4K\4K-walllpaper_11-diffuse.jpg,уже в проекте,/Game/DARC/Imported/Textures/wallpaper_11_4K/wallpaper_11_4K/T_4K_walllpaper_11_diffuse
Textures\wallpaper_11-4K\wallpaper_11-4K\4K-walllpaper_11-displacement.jpg,уже в проекте,/Game/DARC/Imported/Textures/wallpaper_11_4K/wallpaper_11_4K/T_4K_walllpaper_11_displacement
Textures\wallpaper_11-4K\wallpaper_11-4K\4K-walllpaper_11-normal.jpg,уже в проекте,/Game/DARC/Imported/Textures/wallpaper_11_4K/wallpaper_11_4K/T_4K_walllpaper_11_normal
Textures\wallpaper_11-4K\wallpaper_11-4K\4K-walllpaper_11-specular.jpg,уже в проекте,/Game/DARC/Imported/Textures/wallpaper_11_4K/wallpaper_11_4K/T_4K_walllpaper_11_specular
Textures\weathered_peeling_timber_4k.blend\textures\weathered_peeling_timber_diff_4k.jpg,уже в проекте,/Game/DARC/Imported/Textures/weathered_peeling_timber_4k_blend/textures/T_weathered_peeling_timber_diff_4k
Textures\weathered_peeling_timber_4k.blend\textures\weathered_peeling_timber_disp_4k.png,уже в проекте,/Game/DARC/Imported/Textures/weathered_peeling_timber_4k_blend/textures/T_weathered_peeling_timber_disp_4k
Textures\weathered_peeling_timber_4k.blend\textures\weathered_peeling_timber_nor_gl_4k.exr,уже в проекте,/Game/DARC/Imported/Textures/weathered_peeling_timber_4k_blend/textures/T_weathered_peeling_timber_nor_gl_4k
Textures\weathered_peeling_timber_4k.blend\textures\weathered_peeling_timber_rough_4k.exr,уже в проекте,/Game/DARC/Imported/Textures/weathered_peeling_timber_4k_blend/textures/T_weathered_peeling_timber_rough_4k
Textures\white_rough_plaster_4k.blend\textures\white_rough_plaster_diff_4k.jpg,уже в проекте,/Game/DARC/Imported/Textures/white_rough_plaster_4k_blend/textures/T_white_rough_plaster_diff_4k
Textures\white_rough_plaster_4k.blend\textures\white_rough_plaster_disp_4k.png,уже в проекте,/Game/DARC/Imported/Textures/white_rough_plaster_4k_blend/textures/T_white_rough_plaster_disp_4k
Textures\white_rough_plaster_4k.blend\textures\white_rough_plaster_nor_gl_4k.exr,уже в проекте,/Game/DARC/Imported/Textures/white_rough_plaster_4k_blend/textures/T_white_rough_plaster_nor_gl_4k
Textures\white_rough_plaster_4k.blend\textures\white_rough_plaster_rough_4k.jpg,уже в проекте,/Game/DARC/Imported/Textures/white_rough_plaster_4k_blend/textures/T_white_rough_plaster_rough_4k
T_komputer_komplekt_001_metallicRoughness,роль не распознана по имени (нужен суффикс _Color/_Normal/_Roughness/_AO/_Metallic),/Game/DARC/Imported/Textures/072e7111ef104bc4a62bd66dc9edf42d/textures/T_komputer_komplekt_001_metallicRoughness
T_Asphalt010,роль не распознана по имени (нужен суффикс _Color/_Normal/_Roughness/_AO/_Metallic),/Game/DARC/Imported/Textures/Asphalt010_4K_JPG/T_Asphalt010
T_Asphalt010_4K_JPG_Displacement,роль не распознана по имени (нужен суффикс _Color/_Normal/_Roughness/_AO/_Metallic),/Game/DARC/Imported/Textures/Asphalt010_4K_JPG/T_Asphalt010_4K_JPG_Displacement
T_Asphalt010_4K_JPG_Opacity,роль не распознана по имени (нужен суффикс _Color/_Normal/_Roughness/_AO/_Metallic),/Game/DARC/Imported/Textures/Asphalt010_4K_JPG/T_Asphalt010_4K_JPG_Opacity
T_asphalt_02_disp_4k,роль не распознана по имени (нужен суффикс _Color/_Normal/_Roughness/_AO/_Metallic),/Game/DARC/Imported/Textures/asphalt_02_4k_blend/textures/T_asphalt_02_disp_4k
T_Material_117_A_Height,роль не распознана по имени (нужен суффикс _Color/_Normal/_Roughness/_AO/_Metallic),/Game/DARC/Imported/Textures/assetfile_1154_8ee891102d4c9cc3/T_Material_117_A_Height
T_Material_117_A_Specular,роль не распознана по имени (нужен суффикс _Color/_Normal/_Roughness/_AO/_Metallic),/Game/DARC/Imported/Textures/assetfile_1154_8ee891102d4c9cc3/T_Material_117_A_Specular
T_Preview,роль не распознана по имени (нужен суффикс _Color/_Normal/_Roughness/_AO/_Metallic),/Game/DARC/Imported/Textures/assetfile_1154_8ee891102d4c9cc3/T_Preview
T_Material_346_A_Height,роль не распознана по имени (нужен суффикс _Color/_Normal/_Roughness/_AO/_Metallic),/Game/DARC/Imported/Textures/assetfile_2362_074932c3942806f7/T_Material_346_A_Height
T_Material_346_A_Specular,роль не распознана по имени (нужен суффикс _Color/_Normal/_Roughness/_AO/_Metallic),/Game/DARC/Imported/Textures/assetfile_2362_074932c3942806f7/T_Material_346_A_Specular
T_Material_346_A_SpecularLevel,роль не распознана по имени (нужен суффикс _Color/_Normal/_Roughness/_AO/_Metallic),/Game/DARC/Imported/Textures/assetfile_2362_074932c3942806f7/T_Material_346_A_SpecularLevel
T_Preview,роль не распознана по имени (нужен суффикс _Color/_Normal/_Roughness/_AO/_Metallic),/Game/DARC/Imported/Textures/assetfile_2362_074932c3942806f7/T_Preview
T_Material_428_A_Height,роль не распознана по имени (нужен суффикс _Color/_Normal/_Roughness/_AO/_Metallic),/Game/DARC/Imported/Textures/assetfile_2542_d0bf2ceaf4a4b22b/T_Material_428_A_Height
T_Material_428_A_Specular,роль не распознана по имени (нужен суффикс _Color/_Normal/_Roughness/_AO/_Metallic),/Game/DARC/Imported/Textures/assetfile_2542_d0bf2ceaf4a4b22b/T_Material_428_A_Specular
T_Material_428_A_SpecularLevel,роль не распознана по имени (нужен суффикс _Color/_Normal/_Roughness/_AO/_Metallic),/Game/DARC/Imported/Textures/assetfile_2542_d0bf2ceaf4a4b22b/T_Material_428_A_SpecularLevel
T_Preview,роль не распознана по имени (нужен суффикс _Color/_Normal/_Roughness/_AO/_Metallic),/Game/DARC/Imported/Textures/assetfile_2542_d0bf2ceaf4a4b22b/T_Preview
T_Preview,роль не распознана по имени (нужен суффикс _Color/_Normal/_Roughness/_AO/_Metallic),/Game/DARC/Imported/Textures/assetfile_5893_8f74a4930fb3c3f2/T_Preview
T_Height,роль не распознана по имени (нужен суффикс _Color/_Normal/_Roughness/_AO/_Metallic),/Game/DARC/Imported/Textures/assetfile_5893_8f74a4930fb3c3f2/Textures/T_Height
T_NormalDirectX,роль не распознана по имени (нужен суффикс _Color/_Normal/_Roughness/_AO/_Metallic),/Game/DARC/Imported/Textures/assetfile_5893_8f74a4930fb3c3f2/Textures/T_NormalDirectX
T_NormalOpenGL,роль не распознана по имени (нужен суффикс _Color/_Normal/_Roughness/_AO/_Metallic),/Game/DARC/Imported/Textures/assetfile_5893_8f74a4930fb3c3f2/Textures/T_NormalOpenGL
T_Specular,роль не распознана по имени (нужен суффикс _Color/_Normal/_Roughness/_AO/_Metallic),/Game/DARC/Imported/Textures/assetfile_5893_8f74a4930fb3c3f2/Textures/T_Specular
T_SpecularLevel,роль не распознана по имени (нужен суффикс _Color/_Normal/_Roughness/_AO/_Metallic),/Game/DARC/Imported/Textures/assetfile_5893_8f74a4930fb3c3f2/Textures/T_SpecularLevel
T_Bark001,роль не распознана по имени (нужен суффикс _Color/_Normal/_Roughness/_AO/_Metallic),/Game/DARC/Imported/Textures/Bark001_4K_JPG/T_Bark001
T_Bark001_4K_JPG_Displacement,роль не распознана по имени (нужен суффикс _Color/_Normal/_Roughness/_AO/_Metallic),/Game/DARC/Imported/Textures/Bark001_4K_JPG/T_Bark001_4K_JPG_Displacement
T_brick_wall_006_disp_4k,роль не распознана по имени (нужен суффикс _Color/_Normal/_Roughness/_AO/_Metallic),/Game/DARC/Imported/Textures/brick_wall_006_4k_blend/textures/T_brick_wall_006_disp_4k
T_Carpet012,роль не распознана по имени (нужен суффикс _Color/_Normal/_Roughness/_AO/_Metallic),/Game/DARC/Imported/Textures/Carpet012_4K_JPG/T_Carpet012
T_Carpet012_4K_JPG_Displacement,роль не распознана по имени (нужен суффикс _Color/_Normal/_Roughness/_AO/_Metallic),/Game/DARC/Imported/Textures/Carpet012_4K_JPG/T_Carpet012_4K_JPG_Displacement
T_concrete_layers_disp_4k,роль не распознана по имени (нужен суффикс _Color/_Normal/_Roughness/_AO/_Metallic),/Game/DARC/Imported/Textures/concrete_layers_4k_blend/textures/T_concrete_layers_disp_4k
T_concrete_wall_004_disp_4k,роль не распознана по имени (нужен суффикс _Color/_Normal/_Roughness/_AO/_Metallic),/Game/DARC/Imported/Textures/concrete_wall_004_4k_blend/textures/T_concrete_wall_004_disp_4k
T_concrete_wall_008_disp_4k,роль не распознана по имени (нужен суффикс _Color/_Normal/_Roughness/_AO/_Metallic),/Game/DARC/Imported/Textures/concrete_wall_008_4k_blend/textures/T_concrete_wall_008_disp_4k
T_corrugated_iron_02_disp_4k,роль не распознана по имени (нужен суффикс _Color/_Normal/_Roughness/_AO/_Metallic),/Game/DARC/Imported/Textures/corrugated_iron_02_4k_blend/textures/T_corrugated_iron_02_disp_4k
T_DaySkyHDRI020A,роль не распознана по имени (нужен суффикс _Color/_Normal/_Roughness/_AO/_Metallic),/Game/DARC/Imported/Textures/DaySkyHDRI020A_12K/T_DaySkyHDRI020A
T_DaySkyHDRI020A_12K_HDR,роль не распознана по имени (нужен суффикс _Color/_Normal/_Roughness/_AO/_Metallic),/Game/DARC/Imported/Textures/DaySkyHDRI020A_12K/T_DaySkyHDRI020A_12K_HDR
T_DaySkyHDRI020A_12K_TONEMAPPED,роль не распознана по имени (нужен суффикс _Color/_Normal/_Roughness/_AO/_Metallic),/Game/DARC/Imported/Textures/DaySkyHDRI020A_12K/T_DaySkyHDRI020A_12K_TONEMAPPED
T_denim_fabric_06_disp_4k,роль не распознана по имени (нужен суффикс _Color/_Normal/_Roughness/_AO/_Metallic),/Game/DARC/Imported/Textures/denim_fabric_06_4k_blend/textures/T_denim_fabric_06_disp_4k
T_diagonal_parquet_disp_4k,роль не распознана по имени (нужен суффикс _Color/_Normal/_Roughness/_AO/_Metallic),/Game/DARC/Imported/Textures/diagonal_parquet_4k_blend/textures/T_diagonal_parquet_disp_4k
T_fabric_leather_01_disp_4k,роль не распознана по имени (нужен суффикс _Color/_Normal/_Roughness/_AO/_Metallic),/Game/DARC/Imported/Textures/fabric_leather_01_4k_blend/textures/T_fabric_leather_01_disp_4k
T_floor_tiles_02_disp_4k,роль не распознана по имени (нужен суффикс _Color/_Normal/_Roughness/_AO/_Metallic),/Game/DARC/Imported/Textures/floor_tiles_02_4k_blend/textures/T_floor_tiles_02_disp_4k
T_forest_leaves_02_disp_4k,роль не распознана по имени (нужен суффикс _Color/_Normal/_Roughness/_AO/_Metallic),/Game/DARC/Imported/Textures/forest_leaves_02_4k_blend/textures/T_forest_leaves_02_disp_4k
T_forest_leaves_03_disp_4k,роль не распознана по имени (нужен суффикс _Color/_Normal/_Roughness/_AO/_Metallic),/Game/DARC/Imported/Textures/forest_leaves_03_4k_blend/textures/T_forest_leaves_03_disp_4k
T_Ground074,роль не распознана по имени (нужен суффикс _Color/_Normal/_Roughness/_AO/_Metallic),/Game/DARC/Imported/Textures/Ground074_4K_JPG/T_Ground074
T_Ground074_4K_JPG_Displacement,роль не распознана по имени (нужен суффикс _Color/_Normal/_Roughness/_AO/_Metallic),/Game/DARC/Imported/Textures/Ground074_4K_JPG/T_Ground074_4K_JPG_Displacement
T_Ground108,роль не распознана по имени (нужен суффикс _Color/_Normal/_Roughness/_AO/_Metallic),/Game/DARC/Imported/Textures/Ground108_4K_JPG/T_Ground108
T_Ground108_4K_JPG_Displacement,роль не распознана по имени (нужен суффикс _Color/_Normal/_Roughness/_AO/_Metallic),/Game/DARC/Imported/Textures/Ground108_4K_JPG/T_Ground108_4K_JPG_Displacement
T_IndoorEnvironmentHDRI015,роль не распознана по имени (нужен суффикс _Color/_Normal/_Roughness/_AO/_Metallic),/Game/DARC/Imported/Textures/IndoorEnvironmentHDRI015_12K/T_IndoorEnvironmentHDRI015
T_IndoorEnvironmentHDRI015_12K_HDR,роль не распознана по имени (нужен суффикс _Color/_Normal/_Roughness/_AO/_Metallic),/Game/DARC/Imported/Textures/IndoorEnvironmentHDRI015_12K/T_IndoorEnvironmentHDRI015_12K_HDR
T_IndoorEnvironmentHDRI015_12K_TONEMAPPED,роль не распознана по имени (нужен суффикс _Color/_Normal/_Roughness/_AO/_Metallic),/Game/DARC/Imported/Textures/IndoorEnvironmentHDRI015_12K/T_IndoorEnvironmentHDRI015_12K_TONEMAPPED
T_ManholeCover05_4K_Height,роль не распознана по имени (нужен суффикс _Color/_Normal/_Roughness/_AO/_Metallic),/Game/DARC/Imported/Textures/ManholeCover05_4K/T_ManholeCover05_4K_Height
T_ManholeCover05_4K_Mask,роль не распознана по имени (нужен суффикс _Color/_Normal/_Roughness/_AO/_Metallic),/Game/DARC/Imported/Textures/ManholeCover05_4K/T_ManholeCover05_4K_Mask
T_ao_rotDn,роль не распознана по имени (нужен суффикс _Color/_Normal/_Roughness/_AO/_Metallic),/Game/DARC/Imported/Textures/Meshes/satellite_radio_telescope_from_votv/textures/T_ao_rotDn
T_tex_base0,роль не распознана по имени (нужен суффикс _Color/_Normal/_Roughness/_AO/_Metallic),/Game/DARC/Imported/Textures/Meshes/satellite_radio_telescope_from_votv/textures/T_tex_base0
T_tex_base1,роль не распознана по имени (нужен суффикс _Color/_Normal/_Roughness/_AO/_Metallic),/Game/DARC/Imported/Textures/Meshes/satellite_radio_telescope_from_votv/textures/T_tex_base1
T_tex_base2,роль не распознана по имени (нужен суффикс _Color/_Normal/_Roughness/_AO/_Metallic),/Game/DARC/Imported/Textures/Meshes/satellite_radio_telescope_from_votv/textures/T_tex_base2
T_tex_base3,роль не распознана по имени (нужен суффикс _Color/_Normal/_Roughness/_AO/_Metallic),/Game/DARC/Imported/Textures/Meshes/satellite_radio_telescope_from_votv/textures/T_tex_base3
T_tex_base4,роль не распознана по имени (нужен суффикс _Color/_Normal/_Roughness/_AO/_Metallic),/Game/DARC/Imported/Textures/Meshes/satellite_radio_telescope_from_votv/textures/T_tex_base4
T_tex_base5,роль не распознана по имени (нужен суффикс _Color/_Normal/_Roughness/_AO/_Metallic),/Game/DARC/Imported/Textures/Meshes/satellite_radio_telescope_from_votv/textures/T_tex_base5
T_tex_base6,роль не распознана по имени (нужен суффикс _Color/_Normal/_Roughness/_AO/_Metallic),/Game/DARC/Imported/Textures/Meshes/satellite_radio_telescope_from_votv/textures/T_tex_base6
T_tex_dish0,роль не распознана по имени (нужен суффикс _Color/_Normal/_Roughness/_AO/_Metallic),/Game/DARC/Imported/Textures/Meshes/satellite_radio_telescope_from_votv/textures/T_tex_dish0
T_tex_dish1,роль не распознана по имени (нужен суффикс _Color/_Normal/_Roughness/_AO/_Metallic),/Game/DARC/Imported/Textures/Meshes/satellite_radio_telescope_from_votv/textures/T_tex_dish1
T_tex_dish2,роль не распознана по имени (нужен суффикс _Color/_Normal/_Roughness/_AO/_Metallic),/Game/DARC/Imported/Textures/Meshes/satellite_radio_telescope_from_votv/textures/T_tex_dish2
T_metal_plate_disp_4k,роль не распознана по имени (нужен суффикс _Color/_Normal/_Roughness/_AO/_Metallic),/Game/DARC/Imported/Textures/metal_plate_4k_blend/textures/T_metal_plate_disp_4k
T_NightEnvironmentHDRI008,роль не распознана по имени (нужен суффикс _Color/_Normal/_Roughness/_AO/_Metallic),/Game/DARC/Imported/Textures/NightEnvironmentHDRI008_12K/T_NightEnvironmentHDRI008
T_NightEnvironmentHDRI008_12K_HDR,роль не распознана по имени (нужен суффикс _Color/_Normal/_Roughness/_AO/_Metallic),/Game/DARC/Imported/Textures/NightEnvironmentHDRI008_12K/T_NightEnvironmentHDRI008_12K_HDR
T_NightEnvironmentHDRI008_12K_TONEMAPPED,роль не распознана по имени (нужен суффикс _Color/_Normal/_Roughness/_AO/_Metallic),/Game/DARC/Imported/Textures/NightEnvironmentHDRI008_12K/T_NightEnvironmentHDRI008_12K_TONEMAPPED
T_NightSkyHDRI016B,роль не распознана по имени (нужен суффикс _Color/_Normal/_Roughness/_AO/_Metallic),/Game/DARC/Imported/Textures/NightSkyHDRI016B_12K/T_NightSkyHDRI016B
T_NightSkyHDRI016B_12K_HDR,роль не распознана по имени (нужен суффикс _Color/_Normal/_Roughness/_AO/_Metallic),/Game/DARC/Imported/Textures/NightSkyHDRI016B_12K/T_NightSkyHDRI016B_12K_HDR
T_NightSkyHDRI016B_12K_TONEMAPPED,роль не распознана по имени (нужен суффикс _Color/_Normal/_Roughness/_AO/_Metallic),/Game/DARC/Imported/Textures/NightSkyHDRI016B_12K/T_NightSkyHDRI016B_12K_TONEMAPPED
T_OldIron01_4K_Height,роль не распознана по имени (нужен суффикс _Color/_Normal/_Roughness/_AO/_Metallic),/Game/DARC/Imported/Textures/OldIron01_MR_4K/T_OldIron01_4K_Height
T_old_linoleum_flooring_01_disp_4k,роль не распознана по имени (нужен суффикс _Color/_Normal/_Roughness/_AO/_Metallic),/Game/DARC/Imported/Textures/old_linoleum_flooring_01_4k_blend/textures/T_old_linoleum_flooring_01_disp_4k
T_Onyx015,роль не распознана по имени (нужен суффикс _Color/_Normal/_Roughness/_AO/_Metallic),/Game/DARC/Imported/Textures/Onyx015_4K_JPG/T_Onyx015
T_Onyx015_4K_JPG_Displacement,роль не распознана по имени (нужен суффикс _Color/_Normal/_Roughness/_AO/_Metallic),/Game/DARC/Imported/Textures/Onyx015_4K_JPG/T_Onyx015_4K_JPG_Displacement
T_oriented_strand_board_disp_4k,роль не распознана по имени (нужен суффикс _Color/_Normal/_Roughness/_AO/_Metallic),/Game/DARC/Imported/Textures/oriented_strand_board_4k_blend/textures/T_oriented_strand_board_disp_4k
T_painted_plaster_wall_disp_4k,роль не распознана по имени (нужен суффикс _Color/_Normal/_Roughness/_AO/_Metallic),/Game/DARC/Imported/Textures/painted_plaster_wall_4k_blend/textures/T_painted_plaster_wall_disp_4k
T_peeling_painted_wall_disp_4k,роль не распознана по имени (нужен суффикс _Color/_Normal/_Roughness/_AO/_Metallic),/Game/DARC/Imported/Textures/peeling_painted_wall_4k_blend/textures/T_peeling_painted_wall_disp_4k
T_Poliigon_GrassPatchyGround_4585_Preview1,роль не распознана по имени (нужен суффикс _Color/_Normal/_Roughness/_AO/_Metallic),/Game/DARC/Imported/Textures/Poliigon_GrassPatchyGround_4585/T_Poliigon_GrassPatchyGround_4585_Preview1
T_Poliigon_GrassPatchyGround_4585_Displacement,роль не распознана по имени (нужен суффикс _Color/_Normal/_Roughness/_AO/_Metallic),/Game/DARC/Imported/Textures/Poliigon_GrassPatchyGround_4585/2K/T_Poliigon_GrassPatchyGround_4585_Displacement
T_ribbed_corduroy_anisotropy_rotation_4k,роль не распознана по имени (нужен суффикс _Color/_Normal/_Roughness/_AO/_Metallic),/Game/DARC/Imported/Textures/ribbed_corduroy_4k_blend/textures/T_ribbed_corduroy_anisotropy_rotation_4k
T_ribbed_corduroy_anisotropy_strength_4k,роль не распознана по имени (нужен суффикс _Color/_Normal/_Roughness/_AO/_Metallic),/Game/DARC/Imported/Textures/ribbed_corduroy_4k_blend/textures/T_ribbed_corduroy_anisotropy_strength_4k
T_ribbed_corduroy_disp_4k,роль не распознана по имени (нужен суффикс _Color/_Normal/_Roughness/_AO/_Metallic),/Game/DARC/Imported/Textures/ribbed_corduroy_4k_blend/textures/T_ribbed_corduroy_disp_4k
T_ribbed_corduroy_spec_ior_4k,роль не распознана по имени (нужен суффикс _Color/_Normal/_Roughness/_AO/_Metallic),/Game/DARC/Imported/Textures/ribbed_corduroy_4k_blend/textures/T_ribbed_corduroy_spec_ior_4k
T_rock_face_04_disp_4k,роль не распознана по имени (нужен суффикс _Color/_Normal/_Roughness/_AO/_Metallic),/Game/DARC/Imported/Textures/rock_face_04_4k_blend/textures/T_rock_face_04_disp_4k
T_rubber_tiles_disp_4k,роль не распознана по имени (нужен суффикс _Color/_Normal/_Roughness/_AO/_Metallic),/Game/DARC/Imported/Textures/rubber_tiles_4k_blend/textures/T_rubber_tiles_disp_4k
T_rusty_chain_height_4K,роль не распознана по имени (нужен суффикс _Color/_Normal/_Roughness/_AO/_Metallic),/Game/DARC/Imported/Textures/rusty_chicken_wire_4K/rusty_chicken_wire_4K/T_rusty_chain_height_4K
T_rusty_chain_opacity_4K,роль не распознана по имени (нужен суффикс _Color/_Normal/_Roughness/_AO/_Metallic),/Game/DARC/Imported/Textures/rusty_chicken_wire_4K/rusty_chicken_wire_4K/T_rusty_chain_opacity_4K
T_rusty_metal_05_disp_4k,роль не распознана по имени (нужен суффикс _Color/_Normal/_Roughness/_AO/_Metallic),/Game/DARC/Imported/Textures/rusty_metal_05_4k_blend/textures/T_rusty_metal_05_disp_4k
T_sparse_grass_disp_4k,роль не распознана по имени (нужен суффикс _Color/_Normal/_Roughness/_AO/_Metallic),/Game/DARC/Imported/Textures/sparse_grass_4k_blend/textures/T_sparse_grass_disp_4k
T_sparse_grass_mask_4k,роль не распознана по имени (нужен суффикс _Color/_Normal/_Roughness/_AO/_Metallic),/Game/DARC/Imported/Textures/sparse_grass_4k_blend/textures/T_sparse_grass_mask_4k
T_4K_walllpaper_11_displacement,роль не распознана по имени (нужен суффикс _Color/_Normal/_Roughness/_AO/_Metallic),/Game/DARC/Imported/Textures/wallpaper_11_4K/wallpaper_11_4K/T_4K_walllpaper_11_displacement
T_4K_walllpaper_11_specular,роль не распознана по имени (нужен суффикс _Color/_Normal/_Roughness/_AO/_Metallic),/Game/DARC/Imported/Textures/wallpaper_11_4K/wallpaper_11_4K/T_4K_walllpaper_11_specular
T_weathered_peeling_timber_disp_4k,роль не распознана по имени (нужен суффикс _Color/_Normal/_Roughness/_AO/_Metallic),/Game/DARC/Imported/Textures/weathered_peeling_timber_4k_blend/textures/T_weathered_peeling_timber_disp_4k
T_white_rough_plaster_disp_4k,роль не распознана по имени (нужен суффикс _Color/_Normal/_Roughness/_AO/_Metallic),/Game/DARC/Imported/Textures/white_rough_plaster_4k_blend/textures/T_white_rough_plaster_disp_4k
набор Ekran_2,материал: BaseColor,/Game/DARC/Imported/Materials/M_Ekran_2
набор komputer_komplekt_001,материал: BaseColor/Normal,/Game/DARC/Imported/Materials/M_komputer_komplekt_001
набор Armstrong,материал: AO/BaseColor/Normal/Roughness,/Game/DARC/Imported/Materials/M_Armstrong
набор Asphalt010_4K_JPG,материал: BaseColor/Normal/Roughness,/Game/DARC/Imported/Materials/M_Asphalt010_4K_JPG
набор asphalt_02,материал: BaseColor/Normal/Roughness,/Game/DARC/Imported/Materials/M_asphalt_02
набор Material_117_A,материал: AO/BaseColor/Gloss/Metallic/Normal/Roughness,/Game/DARC/Imported/Materials/M_Material_117_A
набор Material_346_A,материал: AO/BaseColor/Gloss/Metallic/Normal/Roughness,/Game/DARC/Imported/Materials/M_Material_346_A
набор Material_428_A,материал: AO/BaseColor/Gloss/Metallic/Normal/Roughness,/Game/DARC/Imported/Materials/M_Material_428_A
набор T,материал: AO/BaseColor/Gloss/Metallic/Roughness,/Game/DARC/Imported/Materials/M_T
набор Bark001_4K_JPG,материал: BaseColor/Normal/Roughness,/Game/DARC/Imported/Materials/M_Bark001_4K_JPG
набор brick_wall_006,материал: BaseColor/Normal/Roughness,/Game/DARC/Imported/Materials/M_brick_wall_006
набор Carpet012_4K_JPG,материал: AO/BaseColor/Normal/Roughness,/Game/DARC/Imported/Materials/M_Carpet012_4K_JPG
набор concrete_layers,материал: BaseColor/Normal/Roughness,/Game/DARC/Imported/Materials/M_concrete_layers
набор concrete_wall_004,материал: BaseColor/Normal/Roughness,/Game/DARC/Imported/Materials/M_concrete_wall_004
набор concrete_wall_008,материал: BaseColor/Normal/Roughness,/Game/DARC/Imported/Materials/M_concrete_wall_008
набор corrugated_iron_02,материал: BaseColor/Metallic/Normal/Roughness,/Game/DARC/Imported/Materials/M_corrugated_iron_02
набор denim_fabric_06,материал: BaseColor/Normal/Roughness,/Game/DARC/Imported/Materials/M_denim_fabric_06
набор diagonal_parquet,материал: AO/BaseColor/Normal/Roughness,/Game/DARC/Imported/Materials/M_diagonal_parquet
набор fabric_leather_01,материал: BaseColor/Normal/Roughness,/Game/DARC/Imported/Materials/M_fabric_leather_01
набор floor_tiles_02,материал: BaseColor/Normal/Roughness,/Game/DARC/Imported/Materials/M_floor_tiles_02
набор forest_leaves_02,материал: BaseColor/Normal/Roughness,/Game/DARC/Imported/Materials/M_forest_leaves_02
набор forest_leaves_03,материал: BaseColor/Normal/Roughness,/Game/DARC/Imported/Materials/M_forest_leaves_03
набор Ground074_4K_JPG,материал: AO/BaseColor/Normal/Roughness,/Game/DARC/Imported/Materials/M_Ground074_4K_JPG
набор Ground108_4K_JPG,материал: AO/BaseColor/Normal/Roughness,/Game/DARC/Imported/Materials/M_Ground108_4K_JPG
набор ManholeCover05_4K,материал: BaseColor/Metallic/Normal/Roughness,/Game/DARC/Imported/Materials/M_ManholeCover05_4K
набор metal_plate,материал: BaseColor/Metallic/Normal/Roughness,/Game/DARC/Imported/Materials/M_metal_plate
набор OldIron01_4K,материал: BaseColor/Metallic/Normal/Roughness,/Game/DARC/Imported/Materials/M_OldIron01_4K
набор old_linoleum_flooring_01,материал: BaseColor/Normal/Roughness,/Game/DARC/Imported/Materials/M_old_linoleum_flooring_01
набор Onyx015_4K_JPG,материал: BaseColor/Normal/Roughness,/Game/DARC/Imported/Materials/M_Onyx015_4K_JPG
набор oriented_strand_board,материал: BaseColor/Normal/Roughness,/Game/DARC/Imported/Materials/M_oriented_strand_board
набор painted_plaster_wall,материал: BaseColor/Normal/Roughness,/Game/DARC/Imported/Materials/M_painted_plaster_wall
набор peeling_painted_wall,материал: BaseColor/Normal/Roughness,/Game/DARC/Imported/Materials/M_peeling_painted_wall
набор Poliigon_GrassPatchyGround_4585,материал: AO/BaseColor/Metallic/Normal/Roughness,/Game/DARC/Imported/Materials/M_Poliigon_GrassPatchyGround_4585
набор ribbed_corduroy,материал: BaseColor/Metallic/Normal/Roughness,/Game/DARC/Imported/Materials/M_ribbed_corduroy
набор rock_face_04,материал: BaseColor/Normal/Roughness,/Game/DARC/Imported/Materials/M_rock_face_04
набор rubber_tiles,материал: BaseColor/Normal/Roughness,/Game/DARC/Imported/Materials/M_rubber_tiles
набор rusty_chain,материал: AO/BaseColor/Metallic/Normal/Roughness,/Game/DARC/Imported/Materials/M_rusty_chain
набор rusty_metal_05,материал: BaseColor/Normal/Roughness,/Game/DARC/Imported/Materials/M_rusty_metal_05
набор sparse_grass,материал: BaseColor/Normal/Roughness,/Game/DARC/Imported/Materials/M_sparse_grass
набор 4K_walllpaper_11,материал: AO/BaseColor/Normal,/Game/DARC/Imported/Materials/M_4K_walllpaper_11
набор weathered_peeling_timber,материал: BaseColor/Normal/Roughness,/Game/DARC/Imported/Materials/M_weathered_peeling_timber
набор white_rough_plaster,материал: BaseColor/Normal/Roughness,/Game/DARC/Imported/Materials/M_white_rough_plaster
