---,TaskId,Title,ParentTaskId,Rule,Prerequisites,bRequired,bHiddenUntilActive,bFailsMission,CampaignFactOnComplete
GetAccessCard,GetAccessCard,"LOCTABLE(""ST_UI"", ""Task_GetAccessCard"")",None,Manual,(),True,False,False,None
OpenCatalog,OpenCatalog,"LOCTABLE(""ST_UI"", ""Task_OpenCatalog"")",None,Manual,(GetAccessCard),True,False,False,None
EnterServerRoom,EnterServerRoom,"LOCTABLE(""ST_UI"", ""Task_EnterServerRoom"")",None,AnyChild,(OpenCatalog),True,False,False,None
ServerDoorCard,ServerDoorCard,"LOCTABLE(""ST_UI"", ""Task_ServerDoorCard"")",EnterServerRoom,Manual,(),True,False,False,None
ServerDoorKeypad,ServerDoorKeypad,"LOCTABLE(""ST_UI"", ""Task_ServerDoorKeypad"")",EnterServerRoom,Manual,(),True,False,False,None
PowerServer,PowerServer,"LOCTABLE(""ST_UI"", ""Task_PowerServer"")",None,AnyChild,(OpenCatalog),True,False,False,None
PowerViaPanel,PowerViaPanel,"LOCTABLE(""ST_UI"", ""Task_PowerViaPanel"")",PowerServer,Manual,(),True,False,False,None
PowerViaGenerator,PowerViaGenerator,"LOCTABLE(""ST_UI"", ""Task_PowerViaGenerator"")",PowerServer,Manual,(),True,False,False,None
MoveServerRack,MoveServerRack,"LOCTABLE(""ST_UI"", ""Task_MoveServerRack"")",None,Manual,(EnterServerRoom),True,False,False,None
ConnectInterface,ConnectInterface,"LOCTABLE(""ST_UI"", ""Task_ConnectInterface"")",None,Manual,"(EnterServerRoom,PowerServer)",True,False,False,None
CopyArchive,CopyArchive,"LOCTABLE(""ST_UI"", ""Task_CopyArchive"")",None,Manual,(ConnectInterface),True,False,False,Slice.ArchiveCopied
TakeDrive,TakeDrive,"LOCTABLE(""ST_UI"", ""Task_TakeDrive"")",None,Manual,(CopyArchive),True,False,False,None
DeliverDrive,DeliverDrive,"LOCTABLE(""ST_UI"", ""Task_DeliverDrive"")",None,Manual,(TakeDrive),True,False,False,None
TakeExtraFile,TakeExtraFile,"LOCTABLE(""ST_UI"", ""Task_TakeExtraFile"")",None,Manual,(CopyArchive),False,True,False,Slice.ExtraFileTaken
