---,EventType,MinLevel,MaxLevel,Chance,Trigger,MinDistance,MaxDistance,bAnchorInTriggerRoom,bRequiresAnchor,Conditions,FearLevel,Repeat,Cooldown,Audience,EchoAction,CampaignFactOnFire,ExclusiveGroup,bScripted
Slice_SpeakerMorse,Speaker,1,1,0.350000,Periodic,0.000000,0.000000,False,True,"((Type=TaskCompleted,Name=""CopyArchive"",Number=0.000000))",Subtle,OncePerCampaign,0.000000,AllPlayers,None,Seen.SpeakerSignal,SpeakerSignal,False
Slice_SpeakerVoice,Speaker,1,1,0.120000,Periodic,0.000000,0.000000,False,True,"((Type=TaskCompleted,Name=""CopyArchive"",Number=0.000000))",Subtle,OncePerCampaign,0.000000,AllPlayers,None,Seen.SpeakerSignal,SpeakerSignal,False
Slice_SpeakerClick,Speaker,1,1,0.120000,Periodic,0.000000,0.000000,False,True,"((Type=TaskCompleted,Name=""CopyArchive"",Number=0.000000))",Subtle,OncePerCampaign,0.000000,AllPlayers,None,Seen.SpeakerSignal,SpeakerSignal,False
Slice_SpeakerRadio,Speaker,1,1,0.120000,Periodic,0.000000,0.000000,False,True,"((Type=TaskCompleted,Name=""CopyArchive"",Number=0.000000))",Subtle,OncePerCampaign,0.000000,AllPlayers,None,Seen.SpeakerSignal,SpeakerSignal,False
Slice_VanishingRoom,VanishingRoom,1,1,0.300000,Periodic,800.000000,4000.000000,False,True,"((Type=TaskCompleted,Name=""CopyArchive"",Number=0.000000))",Noticeable,OncePerCampaign,0.000000,AllPlayers,None,Seen.VanishingRoom,None,False
Slice_LevitatingMug,Levitation,1,1,0.250000,RoomEntered,300.000000,1500.000000,True,True,(),Subtle,OncePerCampaign,0.000000,SinglePlayer,None,Seen.Levitation,None,False
Slice_WindowLight,WindowLight,1,1,1.000000,MissionEnd,0.000000,0.000000,False,True,"((Type=TaskCompleted,Name=""DeliverDrive"",Number=0.000000))",Subtle,OncePerMission,0.000000,AllPlayers,None,None,None,True
Echo_DoorClosed,None,2,7,0.050000,Periodic,0.000000,0.000000,False,False,"((Type=AnyDoorLeftOpen,Name=""None"",Number=0.000000),(Type=MinMissionTime,Name=""None"",Number=300.000000))",Subtle,OncePerMission,0.000000,AllPlayers,CloseDoorLeftOpen,None,None,False
Echo_ChairNudged,None,2,7,0.050000,Periodic,0.000000,0.000000,False,False,"((Type=AnyItemMoved,Name=""None"",Number=0.000000),(Type=MinMissionTime,Name=""None"",Number=300.000000))",Subtle,OncePerMission,0.000000,AllPlayers,NudgeMovedItem,None,None,False
FifthPlayer,Terminal,2,7,0.030000,Periodic,0.000000,1500.000000,False,True,(),Noticeable,OncePerCampaign,0.000000,AllPlayers,None,Seen.FifthPlayer,None,False
TeamPhoto,Photo,3,7,0.100000,RoomEntered,0.000000,800.000000,True,True,(),Noticeable,OncePerCampaign,0.000000,AllPlayers,None,Seen.TeamPhoto,None,False
Evidence,Document,4,7,0.300000,MissionStart,0.000000,0.000000,False,True,"((Type=CampaignFact,Name=""Seen.FifthPlayer"",Number=0.000000))",Noticeable,OncePerCampaign,0.000000,AllPlayers,None,Seen.Evidence,None,False
HeAlreadyLeft,Speaker,2,7,0.040000,RoomExited,0.000000,0.000000,True,True,(),Subtle,Repeatable,900.000000,SinglePlayer,None,None,None,False
RoomThatWasNot,PhantomDoor,4,7,0.050000,Periodic,600.000000,3000.000000,False,True,"((Type=PlayersSplit,Name=""None"",Number=0.000000))",Strong,OncePerCampaign,0.000000,SinglePlayer,None,Seen.RoomThatWasNot,None,False
WrongVoice,Radio,3,7,0.030000,Periodic,0.000000,0.000000,False,True,"((Type=MinPlayers,Name=""None"",Number=2.000000))",Noticeable,OncePerMission,0.000000,SinglePlayer,None,None,None,False
FutureVideo,Monitor,5,7,0.050000,Periodic,0.000000,1500.000000,False,True,(),Strong,OncePerCampaign,0.000000,AllPlayers,None,Seen.FutureVideo,None,False
WrongCount,ItemSpot,2,7,0.050000,RoomEntered,0.000000,0.000000,True,True,(),Subtle,OncePerMission,0.000000,AllPlayers,None,None,None,False
RoomRemembers,Sign,3,7,0.150000,RoomEntered,0.000000,0.000000,True,True,(),Subtle,OncePerMission,0.000000,AllPlayers,None,None,None,False
PlayerWhoIsNot,Terminal,5,7,0.040000,Periodic,0.000000,1500.000000,False,True,"((Type=EventFiredBefore,Name=""FifthPlayer"",Number=0.000000))",Strong,OncePerCampaign,0.000000,AllPlayers,None,Seen.PlayerWhoIsNot,None,False
